{
  "config": {
    "run_name": "exp1_2",
    "out_dir": "./results",
    "seed": 42,
    "device": null,
    "bs_train": 50,
    "bs_test": 12,
    "batches": 10,
    "epochs": 10,
    "early_stopping": 5,
    "checkpoints": null,
    "lr": 0.001,
    "reg": 0.001,
    "filters_per_layer": [
      32
    ],
    "layers_per_block": 2,
    "pool_every": 4,
    "hidden_dims": [
      100
    ],
    "model_type": "cnn",
    "kw": {}
  },
  "results": {
    "num_epochs": 0,
    "train_loss": [
      2.2769245147705077,
      2.132013165950775,
      2.0523740649223328,
      1.8532679796218872,
      1.6849777460098267,
      1.5742516279220582,
      1.3656885385513307,
      1.305323052406311,
      1.1365562975406647,
      0.9883623361587525
    ],
    "train_acc": [
      20.2,
      28.8,
      38.2,
      46.2,
      52.4,
      57.6,
      65.0,
      65.4,
      73.8,
      76.0
    ],
    "test_loss": [
      2.206594133377075,
      2.213233757019043,
      2.029140222072601,
      1.985577654838562,
      1.9254342198371888,
      1.9181988477706908,
      2.1141888737678527,
      1.9998750567436219,
      1.949754786491394,
      2.0736510396003722
    ],
    "test_acc": [
      20.0,
      20.833333333333332,
      19.166666666666668,
      23.333333333333332,
      25.0,
      30.0,
      25.833333333333332,
      30.833333333333332,
      31.666666666666668,
      28.333333333333332
    ]
  }
}