{
  "config": {
    "run_name": "exp1_2",
    "out_dir": "./results",
    "seed": 42,
    "device": null,
    "bs_train": 50,
    "bs_test": 12,
    "batches": 10,
    "epochs": 10,
    "early_stopping": 5,
    "checkpoints": null,
    "lr": 0.001,
    "reg": 0.001,
    "filters_per_layer": [
      128
    ],
    "layers_per_block": 2,
    "pool_every": 4,
    "hidden_dims": [
      100
    ],
    "model_type": "cnn",
    "kw": {}
  },
  "results": {
    "num_epochs": 0,
    "train_loss": [
      2.4818070411682127,
      2.3025680065155028,
      2.34418523311615,
      2.129568374156952,
      1.919354498386383,
      1.7984663128852845,
      1.6063499927520752,
      1.3477107644081117,
      1.236718475818634,
      1.0706160902976989
    ],
    "train_acc": [
      20.2,
      20.4,
      27.4,
      35.4,
      45.2,
      49.8,
      59.0,
      67.8,
      75.2,
      77.2
    ],
    "test_loss": [
      2.212674951553345,
      2.247671639919281,
      2.1623268246650698,
      2.054949736595154,
      2.003464949131012,
      1.9514293670654297,
      2.097257375717163,
      2.1035287022590636,
      2.2223113656044005,
      2.184576630592346
    ],
    "test_acc": [
      19.166666666666668,
      21.666666666666668,
      21.666666666666668,
      30.833333333333332,
      31.666666666666668,
      33.333333333333336,
      31.666666666666668,
      31.666666666666668,
      30.833333333333332,
      33.333333333333336
    ]
  }
}