{
  "config": {
    "run_name": "exp1_1",
    "out_dir": "./results",
    "seed": 42,
    "device": null,
    "bs_train": 50,
    "bs_test": 12,
    "batches": 10,
    "epochs": 10,
    "early_stopping": 5,
    "checkpoints": null,
    "lr": 0.001,
    "reg": 0.001,
    "filters_per_layer": [
      32
    ],
    "layers_per_block": 16,
    "pool_every": 4,
    "hidden_dims": [
      100
    ],
    "model_type": "cnn",
    "kw": {}
  },
  "results": {
    "num_epochs": 0,
    "train_loss": [
      2.2998297214508057,
      2.29856481552124,
      2.297635889053345,
      2.2969558477401733,
      2.296485424041748,
      2.2960886001586913
    ],
    "train_acc": [
      13.0,
      13.0,
      13.0,
      13.0,
      13.0,
      13.0
    ],
    "test_loss": [
      2.301997971534729,
      2.3025452136993407,
      2.3034844636917113,
      2.304521608352661,
      2.3054995775222777,
      2.3063058614730836
    ],
    "test_acc": [
      7.5,
      7.5,
      7.5,
      7.5,
      7.5,
      7.5
    ]
  }
}