{
  "config": {
    "run_name": "exp1_2",
    "out_dir": "./results",
    "seed": 42,
    "device": null,
    "bs_train": 50,
    "bs_test": 12,
    "batches": 10,
    "epochs": 10,
    "early_stopping": 5,
    "checkpoints": null,
    "lr": 0.001,
    "reg": 0.001,
    "filters_per_layer": [
      128
    ],
    "layers_per_block": 8,
    "pool_every": 4,
    "hidden_dims": [
      100
    ],
    "model_type": "cnn",
    "kw": {}
  },
  "results": {
    "num_epochs": 0,
    "train_loss": [
      2.3063172101974487,
      2.30179705619812,
      2.3011372089385986,
      2.300386142730713,
      2.299395036697388,
      2.2986751556396485
    ],
    "train_acc": [
      15.2,
      13.0,
      13.0,
      13.0,
      13.0,
      13.0
    ],
    "test_loss": [
      2.300912284851074,
      2.302440118789673,
      2.3060287714004515,
      2.3061743497848513,
      2.3068291425704954,
      2.3073439836502074
    ],
    "test_acc": [
      10.833333333333334,
      10.0,
      7.5,
      7.5,
      7.5,
      7.5
    ]
  }
}