{
  "config": {
    "run_name": "exp1_1",
    "out_dir": "./results",
    "seed": 42,
    "device": null,
    "bs_train": 50,
    "bs_test": 12,
    "batches": 10,
    "epochs": 10,
    "early_stopping": 5,
    "checkpoints": null,
    "lr": 0.001,
    "reg": 0.001,
    "filters_per_layer": [
      64
    ],
    "layers_per_block": 8,
    "pool_every": 4,
    "hidden_dims": [
      100
    ],
    "model_type": "cnn",
    "kw": {}
  },
  "results": {
    "num_epochs": 0,
    "train_loss": [
      2.304617929458618,
      2.3010308265686037,
      2.3005730867385865,
      2.299852657318115,
      2.2993404626846314,
      2.298205614089966
    ],
    "train_acc": [
      13.2,
      13.0,
      13.0,
      13.0,
      13.0,
      13.0
    ],
    "test_loss": [
      2.3114293575286866,
      2.311361479759216,
      2.3111467599868774,
      2.314865326881409,
      2.3130345821380613,
      2.311881494522095
    ],
    "test_acc": [
      9.166666666666666,
      7.5,
      7.5,
      7.5,
      7.5,
      7.5
    ]
  }
}