{
  "config": {
    "run_name": "exp1_2",
    "out_dir": "./results",
    "seed": 42,
    "device": null,
    "bs_train": 50,
    "bs_test": 12,
    "batches": 10,
    "epochs": 10,
    "early_stopping": 5,
    "checkpoints": null,
    "lr": 0.001,
    "reg": 0.001,
    "filters_per_layer": [
      32
    ],
    "layers_per_block": 8,
    "pool_every": 4,
    "hidden_dims": [
      100
    ],
    "model_type": "cnn",
    "kw": {}
  },
  "results": {
    "num_epochs": 0,
    "train_loss": [
      2.3079293012619018,
      2.302891993522644,
      2.299864721298218,
      2.3003763437271116,
      2.3000009298324584,
      2.300735902786255
    ],
    "train_acc": [
      12.0,
      12.6,
      14.4,
      12.6,
      14.0,
      13.0
    ],
    "test_loss": [
      2.304907035827637,
      2.3060648679733275,
      2.305558443069458,
      2.3074501276016237,
      2.305576491355896,
      2.3072842836380003
    ],
    "test_acc": [
      10.0,
      7.5,
      10.0,
      7.5,
      10.0,
      7.5
    ]
  }
}