{
  "config": {
    "run_name": "exp1_1",
    "out_dir": "./results",
    "seed": 42,
    "device": null,
    "bs_train": 50,
    "bs_test": 12,
    "batches": 10,
    "epochs": 10,
    "early_stopping": 5,
    "checkpoints": null,
    "lr": 0.001,
    "reg": 0.001,
    "filters_per_layer": [
      64
    ],
    "layers_per_block": 16,
    "pool_every": 4,
    "hidden_dims": [
      100
    ],
    "model_type": "cnn",
    "kw": {}
  },
  "results": {
    "num_epochs": 0,
    "train_loss": [
      2.3014652013778685,
      2.299962782859802,
      2.29879412651062,
      2.2978045463562013,
      2.2973469257354737,
      2.296855926513672
    ],
    "train_acc": [
      12.8,
      13.0,
      13.0,
      13.0,
      13.0,
      13.0
    ],
    "test_loss": [
      2.307390236854553,
      2.307204556465149,
      2.3073373317718504,
      2.3075560569763183,
      2.3078182697296143,
      2.3078094005584715
    ],
    "test_acc": [
      7.5,
      7.5,
      7.5,
      7.5,
      7.5,
      7.5
    ]
  }
}