{
  "config": {
    "run_name": "exp1_2",
    "out_dir": "./results",
    "seed": 42,
    "device": null,
    "bs_train": 50,
    "bs_test": 12,
    "batches": 10,
    "epochs": 10,
    "early_stopping": 5,
    "checkpoints": null,
    "lr": 0.001,
    "reg": 0.001,
    "filters_per_layer": [
      128
    ],
    "layers_per_block": 4,
    "pool_every": 4,
    "hidden_dims": [
      100
    ],
    "model_type": "cnn",
    "kw": {}
  },
  "results": {
    "num_epochs": 0,
    "train_loss": [
      2.356417155265808,
      2.2889707326889037,
      2.320272135734558,
      2.334194612503052,
      2.4755008697509764,
      2.2298672437667846,
      1.9910781741142274
    ],
    "train_acc": [
      14.2,
      21.6,
      18.4,
      19.2,
      25.8,
      25.6,
      39.4
    ],
    "test_loss": [
      2.353163719177246,
      2.1704536199569704,
      2.6033429145812987,
      2.21872456073761,
      2.5243028879165648,
      2.160470724105835,
      2.0409666419029238
    ],
    "test_acc": [
      7.5,
      27.5,
      11.666666666666666,
      20.0,
      10.833333333333334,
      24.166666666666668,
      25.833333333333332
    ]
  }
}