{
  "config": {
    "run_name": "exp1_1",
    "out_dir": "./results",
    "seed": 42,
    "device": null,
    "bs_train": 50,
    "bs_test": 12,
    "batches": 10,
    "epochs": 10,
    "early_stopping": 5,
    "checkpoints": null,
    "lr": 0.001,
    "reg": 0.001,
    "filters_per_layer": [
      64
    ],
    "layers_per_block": 4,
    "pool_every": 4,
    "hidden_dims": [
      100
    ],
    "model_type": "cnn",
    "kw": {}
  },
  "results": {
    "num_epochs": 0,
    "train_loss": [
      2.3123486995697022,
      2.2854469537734987,
      2.273972415924072,
      2.1929977178573608,
      1.9915570735931396,
      1.842646872997284,
      1.7530460238456727,
      1.7220810413360597,
      1.5764392375946046,
      1.916261661052704
    ],
    "train_acc": [
      16.0,
      16.6,
      27.2,
      27.8,
      38.6,
      44.0,
      46.4,
      53.0,
      55.6,
      48.6
    ],
    "test_loss": [
      2.2905004024505615,
      2.252658486366272,
      2.1946611404418945,
      2.175163245201111,
      2.0521012783050536,
      1.966970646381378,
      2.194002628326416,
      1.9731022834777832,
      2.6069704055786134,
      2.0023775577545164
    ],
    "test_acc": [
      7.5,
      15.833333333333334,
      15.833333333333334,
      25.0,
      29.166666666666668,
      28.333333333333332,
      17.5,
      25.833333333333332,
      24.166666666666668,
      26.666666666666668
    ]
  }
}