{
  "config": {
    "run_name": "exp1_2",
    "out_dir": "./results",
    "seed": 42,
    "device": null,
    "bs_train": 50,
    "bs_test": 12,
    "batches": 10,
    "epochs": 10,
    "early_stopping": 5,
    "checkpoints": null,
    "lr": 0.001,
    "reg": 0.001,
    "filters_per_layer": [
      32
    ],
    "layers_per_block": 4,
    "pool_every": 4,
    "hidden_dims": [
      100
    ],
    "model_type": "cnn",
    "kw": {}
  },
  "results": {
    "num_epochs": 0,
    "train_loss": [
      2.3096099615097048,
      2.3044878244400024,
      2.2640770196914675,
      2.036392319202423,
      1.966812789440155,
      1.8777003645896913,
      1.854539120197296,
      1.8491405367851257,
      1.753480899333954
    ],
    "train_acc": [
      13.4,
      15.8,
      24.8,
      33.2,
      36.8,
      41.6,
      39.2,
      44.0,
      45.0
    ],
    "test_loss": [
      2.3015266180038454,
      2.255936312675476,
      2.068818509578705,
      1.965732991695404,
      2.1004364490509033,
      1.9986595869064332,
      1.9371464848518372,
      1.9504048466682433,
      2.63989794254303
    ],
    "test_acc": [
      9.166666666666666,
      17.5,
      20.0,
      35.0,
      17.5,
      28.333333333333332,
      23.333333333333332,
      26.666666666666668,
      9.166666666666666
    ]
  }
}