{
  "config": {
    "run_name": "exp1_1",
    "out_dir": "./results",
    "seed": 42,
    "device": null,
    "bs_train": 50,
    "bs_test": 12,
    "batches": 10,
    "epochs": 10,
    "early_stopping": 5,
    "checkpoints": null,
    "lr": 0.001,
    "reg": 0.001,
    "filters_per_layer": [
      64
    ],
    "layers_per_block": 2,
    "pool_every": 4,
    "hidden_dims": [
      100
    ],
    "model_type": "cnn",
    "kw": {}
  },
  "results": {
    "num_epochs": 0,
    "train_loss": [
      2.3382415056228636,
      2.2024534940719604,
      2.039833092689514,
      2.049977517127991,
      1.6063293099403382,
      1.3145009279251099,
      1.295922327041626,
      1.191164481639862,
      0.7919148296117783,
      0.5379635363817215
    ],
    "train_acc": [
      23.8,
      33.6,
      37.4,
      42.8,
      64.4,
      72.4,
      79.2,
      77.8,
      89.0,
      93.0
    ],
    "test_loss": [
      2.262372589111328,
      2.0754914045333863,
      2.069839286804199,
      2.0116724252700804,
      2.0466964721679686,
      2.5565157413482664,
      1.973154616355896,
      2.055215394496918,
      2.1614593505859374,
      2.134606111049652
    ],
    "test_acc": [
      28.333333333333332,
      26.666666666666668,
      26.666666666666668,
      26.666666666666668,
      31.666666666666668,
      25.833333333333332,
      34.166666666666664,
      37.5,
      35.0,
      35.833333333333336
    ]
  }
}